[
    {
        "name": "Mount Everest",
        "height": "29,032",
        "first": "1953"
    },
    {
        "name": "K2",
        "height": "28,251",
        "first": "1954"
    },
    {
        "name": "Kangchenjunga",
        "height": "28,169",
        "first": "1955"
    },
    {
        "name": "Lhotse",
        "height": "27,940",
        "first": "1956"
    },
    {
        "name": "Makalu",
        "height": "27,838",
        "first": "1955"
    },
    {
        "name": "Cho Oyu",
        "height": "26,864",
        "first": "1954"
    },
    {
        "name": "Dhaulagiri I",
        "height": "26,795",
        "first": "1960"
    },
    {
        "name": "Manaslu",
        "height": "26,781",
        "first": "1956"
    },
    {
        "name": "Nanga Parbat",
        "height": "26,660",
        "first": "1953"
    },
    {
        "name": "Annapurna I",
        "height": "26,545",
        "first": "1950"
    },
    {
        "name": "Gasherbrum I",
        "height": "26,510",
        "first": "1958"
    },
    {
        "name": "Broad Peak",
        "height": "26,414",
        "first": "1957"
    },
    {
        "name": "Gasherbrum II",
        "height": "26,362",
        "first": "1956"
    },
    {
        "name": "Shishapangma",
        "height": "26,335",
        "first": "1964"
    },
    {
        "name": "Gyachung Kang",
        "height": "26,089",
        "first": "1964"
    },
    {
        "name": "Gasherbrum III",
        "height": "26,070",
        "first": "1975"
    },
    {
        "name": "Annapurna II",
        "height": "26,040",
        "first": "1960"
    },
    {
        "name": "Gasherbrum IV",
        "height": "26,024",
        "first": "1958"
    },
    {
        "name": "Himalchuli",
        "height": "25,896",
        "first": "1960"
    },
    {
        "name": "Distaghil Sar",
        "height": "25,866",
        "first": "1960"
    },
    {
        "name": "Ngadi Chuli",
        "height": "25,823",
        "first": "1979"
    },
    {
        "name": "Nuptse",
        "height": "25,801",
        "first": "1961"
    },
    {
        "name": "Khunyang Chhish",
        "height": "25,666",
        "first": "1971"
    },
    {
        "name": "Masherbrum",
        "height": "25,659",
        "first": "1960"
    },
    {
        "name": "Nanda Devi",
        "height": "25,643",
        "first": "1936"
    },
    {
        "name": "Chomo Lonzo",
        "height": "25,604",
        "first": "1954"
    },
    {
        "name": "Batura Sar",
        "height": "25,574",
        "first": "1976"
    },
    {
        "name": "Rakaposhi",
        "height": "25,551",
        "first": "1958"
    },
    {
        "name": "Namcha Barwa",
        "height": "25,531",
        "first": "1992"
    },
    {
        "name": "Kanjut Sar",
        "height": "25,460",
        "first": "1959"
    },
    {
        "name": "Kamet",
        "height": "25,446",
        "first": "1931"
    },
    {
        "name": "Dhaulagiri II",
        "height": "25,430",
        "first": "1971"
    },
    {
        "name": "Saltoro Kangri",
        "height": "25,400",
        "first": "1962"
    },
    {
        "name": "Kumbhakarna",
        "height": "25,299",
        "first": "1962"
    },
    {
        "name": "Tirich Mir",
        "height": "25,289",
        "first": "1950"
    },
    {
        "name": "Molamenqing",
        "height": "25,272",
        "first": "1981"
    },
    {
        "name": "Gurla Mandhata",
        "height": "25,243",
        "first": "1985"
    },
    {
        "name": "Saser Kangri I",
        "height": "25,171",
        "first": "1973"
    },
    {
        "name": "Chogolisa",
        "height": "25,148",
        "first": "1975"
    },
    {
        "name": "Dhaulagiri IV",
        "height": "25,135",
        "first": "1975"
    },
    {
        "name": "Kongur Tagh",
        "height": "25,095",
        "first": "1981"
    },
    {
        "name": "Dhaulagiri V",
        "height": "24,993",
        "first": "1975"
    },
    {
        "name": "Shispare",
        "height": "24,970",
        "first": "1974"
    },
    {
        "name": "Trivor",
        "height": "24,859",
        "first": "1960"
    },
    {
        "name": "Gangkhar Puensum",
        "height": "24,840",
        "first": "none"
    },
    {
        "name": "Gongga Shan",
        "height": "24,790",
        "first": "1932"
    },
    {
        "name": "Annapurna III",
        "height": "24,787",
        "first": "1961"
    },
    {
        "name": "Skyang Kangri",
        "height": "24,754",
        "first": "1976"
    },
    {
        "name": "Changtse",
        "height": "24,747",
        "first": "1982"
    },
    {
        "name": "Kula Kangri",
        "height": "24,731",
        "first": "1986"
    },
    {
        "name": "Kongur Tiube",
        "height": "24,700",
        "first": "1956"
    },
    {
        "name": "Annapurna IV",
        "height": "24,688",
        "first": "1955"
    },
    {
        "name": "Mamostong Kangri",
        "height": "24,659",
        "first": "1984"
    },
    {
        "name": "Saser Kangri II E",
        "height": "24,649",
        "first": "2011"
    },
    {
        "name": "Muztagh Ata",
        "height": "24,636",
        "first": "1956"
    },
    {
        "name": "Ismoil Somoni Peak",
        "height": "24,590",
        "first": "1933"
    },
    {
        "name": "Saser Kangri III",
        "height": "24,590",
        "first": "1986"
    },
    {
        "name": "Noshaq",
        "height": "24,580",
        "first": "1960"
    },
    {
        "name": "Pumari Chhish",
        "height": "24,580",
        "first": "1979"
    },
    {
        "name": "Passu Sar",
        "height": "24,528",
        "first": "1994"
    },
    {
        "name": "Yukshin Gardan Sar",
        "height": "24,505",
        "first": "1984"
    },
    {
        "name": "Teram Kangri I",
        "height": "24,482",
        "first": "1975"
    },
    {
        "name": "Jongsong Peak",
        "height": "24,482",
        "first": "1930"
    },
    {
        "name": "Malubiting",
        "height": "24,469",
        "first": "1971"
    },
    {
        "name": "Gangapurna",
        "height": "24,459",
        "first": "1965"
    },
    {
        "name": "Jengish Chokusu",
        "height": "24,406",
        "first": "1956"
    },
    {
        "name": "Sunanda Devi",
        "height": "24,390",
        "first": "1939"
    },
    {
        "name": "K12",
        "height": "24,370",
        "first": "1974"
    },
    {
        "name": "Yangra",
        "height": "24,350",
        "first": "1955"
    },
    {
        "name": "Sia Kangri",
        "height": "24,350",
        "first": "1934"
    },
    {
        "name": "Momhil Sar",
        "height": "24,324",
        "first": "1964"
    },
    {
        "name": "Kabru N",
        "height": "24,318",
        "first": "1994"
    },
    {
        "name": "Skil Brum",
        "height": "24,310",
        "first": "1957"
    },
    {
        "name": "Haramosh Peak",
        "height": "24,308",
        "first": "1958"
    },
    {
        "name": "Istor-o-Nal",
        "height": "24,288",
        "first": "1969"
    },
    {
        "name": "Ghent Kangri",
        "height": "24,281",
        "first": "1961"
    },
    {
        "name": "Ultar",
        "height": "24,239",
        "first": "1996"
    },
    {
        "name": "Rimo I",
        "height": "24,229",
        "first": "1988"
    },
    {
        "name": "Churen Himal",
        "height": "24,229",
        "first": "1970"
    },
    {
        "name": "Teram Kangri III",
        "height": "24,219",
        "first": "1979"
    },
    {
        "name": "Sherpi Kangri",
        "height": "24,210",
        "first": "1976"
    },
    {
        "name": "Labuche Kang",
        "height": "24,170",
        "first": "1987"
    },
    {
        "name": "Kirat Chuli",
        "height": "24,154",
        "first": "1939"
    },
    {
        "name": "Abi Gamin",
        "height": "24,131",
        "first": "1950"
    },
    {
        "name": "Gimmigela Chuli",
        "height": "24,110",
        "first": "1994"
    },
    {
        "name": "Nangpai Gosum",
        "height": "24,110",
        "first": "1986"
    },
    {
        "name": "Saraghrar",
        "height": "24,111",
        "first": "1959"
    },
    {
        "name": "Talung",
        "height": "24,111",
        "first": "1964"
    },
    {
        "name": "Jomolhari",
        "height": "24,035",
        "first": "1937"
    },
    {
        "name": "Chamlang",
        "height": "24,019",
        "first": "1961"
    },
    {
        "name": "Chongtar",
        "height": "23,999",
        "first": "1994"
    },
    {
        "name": "Baltoro Kangri",
        "height": "23,990",
        "first": "1963"
    },
    {
        "name": "Siguang Ri",
        "height": "23,980",
        "first": "1989"
    },
    {
        "name": "The Crown",
        "height": "23,934",
        "first": "1993"
    },
    {
        "name": "Gyala Peri",
        "height": "23,930",
        "first": "1986"
    },
    {
        "name": "Porong Ri",
        "height": "23,924",
        "first": "1982"
    },
    {
        "name": "Baintha Brakk",
        "height": "23,901",
        "first": "1977"
    },
    {
        "name": "Yutmaru Sar",
        "height": "23,894",
        "first": "1980"
    },
    {
        "name": "K6",
        "height": "23,891",
        "first": "1970"
    },
    {
        "name": "KangpenqingGang Benchhen",
        "height": "23,888",
        "first": "1982"
    },
    {
        "name": "Muztagh Tower",
        "height": "23,871",
        "first": "1956"
    },
    {
        "name": "Mana Peak",
        "height": "23,858",
        "first": "1937"
    },
    {
        "name": "Dhaulagiri VI",
        "height": "23,845",
        "first": "1970"
    },
    {
        "name": "Diran",
        "height": "23,839",
        "first": "1968"
    },
    {
        "name": "Labuche Kang III",
        "height": "23,790",
        "first": "none"
    },
    {
        "name": "Putha Hiunchuli",
        "height": "23,773",
        "first": "1954"
    },
    {
        "name": "Apsarasas Kangri",
        "height": "23,770",
        "first": "1976"
    },
    {
        "name": "Mukut Parbat",
        "height": "23,760",
        "first": "1951"
    },
    {
        "name": "Rimo III",
        "height": "23,730",
        "first": "1985"
    },
    {
        "name": "Langtang Lirung",
        "height": "23,711",
        "first": "1978"
    },
    {
        "name": "Karjiang",
        "height": "23,691",
        "first": "none"
    },
    {
        "name": "Annapurna Dakshin",
        "height": "23,684",
        "first": "1964"
    },
    {
        "name": "Khartaphu",
        "height": "23,665",
        "first": "1935"
    },
    {
        "name": "Tongshanjiabu",
        "height": "23,645",
        "first": "none"
    },
    {
        "name": "Malangutti Sar",
        "height": "23,645",
        "first": "1985"
    },
    {
        "name": "Noijin Kangsang",
        "height": "23,642",
        "first": "1986"
    },
    {
        "name": "Langtang Ri",
        "height": "23,638",
        "first": "1981"
    },
    {
        "name": "Kangphu Kang",
        "height": "23,635",
        "first": "2002"
    },
    {
        "name": "Singhi Kangri",
        "height": "23,629",
        "first": "1976"
    },
    {
        "name": "Lupghar Sar",
        "height": "23,600",
        "first": "1979"
    }
]
